{"cameraMode":{"drawMode":0,"name":"Shaded","section":"Shading Mode"},"sceneLighting":true,"audioPlay":false,"sceneViewState":{"m_AlwaysRefresh":false,"showFog":true,"showSkybox":true,"showFlares":true,"showImageEffects":true,"showParticleSystems":true,"showVisualEffectGraphs":true,"m_FxEnabled":true},"in2DMode":false,"pivot":{"x":-1.434236764907837e-7,"y":0.0010000183247029782,"z":2.380000114440918},"rotation":{"x":-0.007835580967366696,"y":-0.665639340877533,"z":-0.0069894022308290009,"w":0.7462021112442017},"size":0.7074360847473145,"orthographic":false}