{"cameraMode":{"drawMode":0,"name":"Shaded","section":"Shading Mode"},"sceneLighting":true,"audioPlay":false,"sceneViewState":{"m_AlwaysRefresh":false,"showFog":true,"showSkybox":true,"showFlares":true,"showImageEffects":true,"showParticleSystems":true,"showVisualEffectGraphs":true,"m_FxEnabled":true},"in2DMode":false,"pivot":{"x":0.7813851833343506,"y":-0.9376296997070313,"z":4.705148696899414},"rotation":{"x":-0.07764006406068802,"y":-0.08483487367630005,"z":0.0066232807002961639,"w":-0.993351936340332},"size":3.652623176574707,"orthographic":false}